"序号","UID"
"1","116910992"
"2","116910928"
"3","116910629"
"4","116910741"
"5","116910703"
"6","116910990"
"7","116910713"
"8","116910943"
"9","116910860"
"10","116910638"
"11","116910619"
"12","116910813"
"13","116910838"
"14","116910908"
"15","116910920"
"16","116910865"
"17","116910758"
"18","116911103"
"19","116910639"
"20","116911002"
"21","116911099"
"22","116910644"
"23","116910973"
"24","116910931"
"25","116910784"
"26","116910953"
"27","116910742"
"28","116911038"
"29","116911095"
"30","116910960"
"31","116911054"
"32","116910630"
"33","116910897"
"34","116910846"
"35","116910738"
"36","116910662"
"37","116910834"
"38","116911105"
"39","116910909"
"40","116910701"
"41","116910683"
"42","116910981"
"43","116910676"
"44","116910633"
"45","116910898"
"46","116911055"
"47","116910728"
"48","116910976"
"49","116911012"
"50","116911013"
"51","116910810"
"52","116910914"
"53","116910949"
"54","116911087"
"55","116910721"
"56","116910911"
"57","116911063"
"58","116910613"
"59","116911091"
"60","116910779"
"61","116911088"
"62","116911032"
"63","116910968"
"64","116910660"
"65","116911100"
"66","116910921"
"67","116910820"
"68","116910663"
"69","116910634"
"70","116911011"
"71","116911018"
"72","116910906"
"73","116911059"
"74","116911060"
"75","116910736"
"76","116911024"
"77","116910929"
"78","116910974"
"79","116911078"
"80","116910689"
"81","116911067"
"82","116910806"
"83","116910720"
"84","116910791"
"85","116910835"
"86","116911096"
"87","116911083"
"88","116911014"
"89","116910808"
"90","116910994"
